ISSUE OF TREASURY BILLS,,,,,,,
    (KSh million),,,,,,,
Year/Month,Total amount offered (Primary market),Tenure,Amount,Amount,Amount,Amount,
,,(days),allotted\1,rejected,redeemed,outstanding,
2000,,,,,,,
March,101800,182,13649.15,3147.197,6412.1,,
,,91,112307.45,91411.5,109979.15,131224.48,
June,100000,182,8903.5,845.265,5767.28,,
,,91,108476.8,78964.865,111808.34,131029.16,
September,104000,182,13100,919,13649.15, ,
,,91,109669.2,47117,108476.5,131672.71,
December,110000,182,6054,480,8903.5,,
,,,,,,,
2001,,,,,,,
March,110000,182,17240.8,3841.19,13100,,
,,91,112713.65,49613.45,110506.35,139008.45,
June,110500,182,10760.15,921.09,9054,,
,,91,109539.1,39816.69,112713.65,137540.05,
September,108500,182,19036.6,1938.43,17240.8,,
,,91,114042.1,43068.03,109539.1,143838.85,
December,103500,182,3000,1476.32,5760.15,,
,,,,,,,
2002,,,,,,,
January,28000,182,"15,100.00", -   ,"15,133.60",,
,,91,"29,005.30","14,403.00","32,679.05","120,095.20",
February,28000,182,"6,881.90","4,148.52","3,000.00",,
,,91,"26,412.85","10,830.00","29,605.90","120,784.05",
March,28000,182,"4,259.10","2,073.83", -   ,,
,,91,"24,918.50","6,831.23","28,623.15","121,338.50",
April,28500,182,"6,239.10","2,335.00", -   ,,
,,91,"26,492.15","16,978.00","34,866.15","119,203.60",
May,20000,182,"9,907.10","5,270.00","3,000.00",,
,,91,"16,850.20","19,076.00","26,412.85","116,548.05",
June,20000,182,"13,342.50","2,124.27","5,000.00",,
,,91,"18,077.95","5,681.00","24,918.50","118,050.00",
July,28000,182,"18,083.95","1,361.00","16,000.00",,
,,91,"26,868.00","18,806.27","26,492.15","120,509.80",
August,22000,182,"7,107.20","5,136.00","6,881.90",,
,,91,"15,777.80","9,771.00","16,850.20","119,662.70",
September,27500,182,"9,786.25","8,578.00","5,028.30",,
,,91,"18,982.45","5,217.00","23,813.45","119,589.65",
October,22000,182,"3,862.50",771,"5,469.90",,
,,91,"19,423.45","4,546.00","21,132.50","116,273.20",
November,21000,182,"4,290.00",477,"9,907.10",,
,,91,"19,777.25","3,143.00","15,777.80","114,655.55",
December,25000,182,"5,206.10",12,"14,682.95",,
,,91,"20,814.45","4,039.00","18,982.45","107,010.70",
2003,,,,,,,
January,21000,182,"11,999.10",385,"16,743.50",,
,,91,"22,977.30","11,022.00","19,423.45","105,820.15",
February,22000,182,"16,466.85","8,501.00","7,107.20",,
,,91,"16,427.35","9,382.00","19,777.25","111,829.90",
March,27500,182,"6,576.85","3,201.00","9,786.25",,
,,91,"21,434.25","6,014.00","20,814.45","109,240.30",
April,22000,182,"6,810.55","2,157.00","3,862.50",,
,,91,"18,570.55","6,699.00","22,977.30","107,781.60",
May,18800,182,"7,718.55","5,331.00","4,290.00",,
,,91,"14,341.40","9,373.00","16,427.35","109,124.20",
June,22800,182,"7,986.20","6,753.00","5,206.10",,
,,91,"15,273.95","20,420.00","21,434.25","105,744.00",
July,18000,182,"19,158.70","5,416.00","11,999.10",,
,,91,"9,933.75","6,261.00","18,570.55","104,266.80",
August,18000,182,"17,586.50","12,571.00","16,466.85",,
,,91,"8,498.60","6,699.00","14,341.40","99,543.65",
September,22500,182,"9,089.60","2,260.07","6,576.85",,
,,91,"13,539.75","4,874.23","15,273.95","100,322.20",
October,18000,182,"18,465.45","1,445.02","6,810.55",,
,,91,"12,394.70","1,988.97","9,933.75","114,438.05",
November,16000,182,"8,229.20",911.62,"7,718.55",,
,,91,"10,453.80","3,272.94","8,498.60","116,903.90",
December,20000,182,"4,617.45",634.52,"7,986.20",,
,,91,"13,631.20","9,327.51","13,539.75","113,626.60",
2004,,,,,,,
January,16000,182,"15,870.75","1,075.07","19,158.70",,
,,91,"10,098.10","3,508.62","12,394.70","108,042.05",
February,16500,182,"13,591.55","2,346.47","17,586.50",,
,,91,"11,045.70","11,275.91","10,453.80","104,639.00",
March,22500,182,"7,405.00","1,483.34","9,089.60",,
,,91,"13,441.40","2,891.35","13,631.20","102,764.60",
April,22000,182,"16,975.85",678.2,"18,465.45",,
,,91,"10,058.80",298.17,"10,098.10","101,235.70",
May,21000,182,"7,039.75","3,236.84","8,436.70",,
,,91,"12,686.40","9,841.91","13,633.50","98,891.65",
June,16000,182,"9,456.25","3,933.63","4,409.95",,
,,91,"6,751.40","11,610.01","10,853.60","99,835.75",
July,16000,182,"18,610.20","1,347.09","15,870.75",,
,,91,"8,478.05","1,173.38","10,058.80","100,994.45",
August,20000,182,"16,489.10","2,773.22","15,543.15",,
,,91,"8,328.60","2,520.36","12,686.40","97,582.60",
September,16000,182,"9,163.65","1,310.84","6,453.40",,
,,91,"5,371.30",542.85,"6,751.40","98,912.75",
October,17500,182,"17,996.05",251.72,"16,975.85",,
,,91,"10,942.15",14.82,"8,478.05","102,397.05",
November,25000,182,"5,186.45",244.01,"7,039.75",,
,,91,"15,554.85",587.93,"8,328.60","107,770.00",
December,15000,182,"1,058.25",9.4,"5,371.30",,
,,91,"6,655.70","2,832.64","9,456.25","100,656.40",
2005,,,,,,,
January,26700,182,"15,819.00","1,479.05","21,125.85",,
,,91,"15,677.15","2,676.17","15,099.00","95,927.70",
February,22000,182,"10,884.20","1,445.63","13,973.45",,
,,91,"13,910.10","2,021.33","11,398.00","95,350.55",
March,24000,182,"6,357.60","1,706.52","9,163.65",,
,,91,"11,464.10","1,873.16","6,655.70","97,352.90",
April,19500,182,"18,348.60",767.5,"17,996.05",,
,,91,"13,045.35","2,315.81","12,105.40","98,645.40",
May,25000,182,"6,858.95",964.75,"5,186.45",,
,,91,"17,094.55","4,285.25","17,481.85","99,930.60",
June,21000,182,"7,809.10","1,614.32","1,058.45",,
,,91,"12,621.25","5,097.75","11,464.20","107,838.30",
July,20000,182,"4,927.10",674.32,"1,703.20",,
,,91,"15,443.35","2,044.30","13,045.35","113,460.20",
August,25000,182,"5,436.80",650,"6,000.00",,
,,91,"19,250.65",696.16,"17,094.55","115,053.10",
September,18000,182,"6,811.65","1,737.08","6,357.50",,
,,91,"12,571.70","5,842.52","12,621.05","115,457.90",
October,20000,182,"4,561.70",491.4,"3,873.70",,
,,91,"16,829.15","11,237.71","19,268.55","113,706.50",
November,20500,182,"5,364.65",426.27,"3,433.85",,
,,91,"13,137.20",366.01,"15,425.45","113,349.05",
December,20000,182,"6,144.30",100.67,"7,809.10",,
,,91,"14,224.20","2,132.76","12,571.70","113,336.75",
2006,,,,,,,
January,25000,182,"19,930.00","1,306.02","17,910.35",,
,,91,"16,947.00","3,303.89","16,829.15","115,474.25",
February,20000,182,"19,292.00","3,836.62","11,453.55",,
,,91,"10,693.75","7,891.95","13,137.20","120,869.25",
March,19500,182,"10,282.80","7,181.57","6,811.65",,
,,91,"10,731.95",932.14,"14,224.20","120,848.15",
April,18500,182,"20,890.25","13,194.53","18,126.90",,
,,91,"13,540.40","2,694.16","14,768.90","122,383.00",
May,25000,182,"14,108.30","5,919.70","9,699.45",,
,,91,"14,290.55","4,089.89","12,872.40","128,210.00",
June,18500,182,"9,340.70","13,023.86","6,311.89",,
,,91,"9,801.50","6,667.15","10,731.95","130,308.36",
July,26000,182,"12,013.30","5,363.35","9,130.00",,
,,91,"15,910.25","6,255.97","17,293.10","131,808.81",
August,22500,182,"11,397.75","1,664.88","11,292.10",,
,,91,"12,344.10","3,342.06","10,537.85","133,720.71",
September,19500,182,"8,426.25",990.37,"10,282.80",,
,,91,"12,021.10","1,760.65","9,801.50","134,083.76",
October,22500,182,"12,052.25","2,510.82","7,611.75",,
,,91,"10,489.95","2,188.06","15,910.25","133,103.96",
November,19500,182,"13,098.54","18,123.58","9,486.80",,
,,91,"8,019.45","13,697.28","12,344.10","132,391.05",
December,20000,182,"13,623.50","5,438.61","9,340.70",,
,,91,"7,575.10","1,086.65","12,021.10","132,227.85",
2007,,,,,,,
January,26000,182,"22,904.45",431.75,"22,813.30",,
,,91,"8,544.10",232.54,"10,489.95","130,373.15",
February,20000,182,"23,229.70","5,034.08","19,397.75",,
,,91,"5,627.45","3,478.12","8,019.45","131,813.10",
March,19000,182,"11,375.00",878.42,"8,426.25",,
,,91,"6,671.85","1,583.78","7,575.10","133,858.60",
April,22000,182,"28,611.00","2,428.21","26,952.25",,
,,91,"9,155.10","1,646.97","8,544.10","136,128.35",
May,16000,182,"12,231.94","5,847.03","16,098.54",,
,,91,"6,782.70","2,383.01","5,627.45","133,417.00",
June,16000,182,"10,421.65","12,749.69","13,623.50",,
,,91,"6,443.20",418.96,"6,671.85","129,986.50",
July,22500,182,"20,557.20",292.21,"22,904.45",,
,,91,"10,992.95",181.87,"9,155.10","129,477.10",
August,19000,182,"21,023.25","10,822.83","23,229.70",,
,,91,"7,203.30",923.97,"6,782.70","127,691.25",
September,22000,182,"10,505.65","2,171.06","11,375.00",,
,,91,"10,181.05","4,589.58","6,443.20","130,559.75",
October,26500,182,"20,231.95",76.7,"28,611.00",,
,,91,"12,912.35",471.85,"10,992.95","124,100.10",
November,18500,182,"12,797.69","3,011.30","12,231.94",,
,,91,"8,655.45","5,486.00","7,203.30","126,118.00",
December,20000,182,"20,630.75",908.41,"17,955.40",,
,,91,"5,929.00","1,506.16","11,446.15","123,276.20",
2008,,,,,,,
January,20000,182,"11,862.55",316.71,"13,023.45",,
,,91,"8,515.95","1,232.19","11,647.25","118,984.00",
February,20000,182,"19,852.95","7,642.20","21,023.25",,
,,91,"9,008.30","2,845.64","8,655.45","118,166.55",
March,25000,182,"11,659.75","6,505.92","11,304.80",,
,,91,"10,274.30","1,221.79","5,929.00","122,866.80",
April,18000,182,"20,625.10",560.17,"19,432.80",,
,,91,"6,838.25",171.12,"8,515.95","122,381.40",
May,18000,182,"10,864.04","1,700.38","12,797.69",,
,,91,"6,460.55","1,611.84","9,008.30","117,900.00",
June,25000,182,"19,609.65","2,316.05","20,630.75",,
,,91,"4,681.55",254.79,"10,274.30","111,286.15",
July,20000,182,"16,329.45","3,986.76","11,862.55",,
,,91,"4,918.50","3,366.76","6,838.25","113,833.30",
August,20500,182,"22,223.75","20,378.04","19,852.95",,
,,91,"7,121.25","3,567.56","6,460.55","116,864.80",
September,26000,182,"16,266.95","1,994.76","11,659.75",,
,,91,"11,021.55","3,088.84","4,681.55","127,812.00",
October,16500,182,"18,863.65",641.46,"20,625.10",,
,,91,"3,133.75",39.23,"4,918.50","124,265.80",
November,17500,182,"13,096.44","2,838.43","10,864.04",,
,,91,"5,932.90","1,291.60","7,121.25","125,309.85",
December,22500,182,"17,206.35","1,995.36","19,609.65",,
,,91,"9,460.45","2,574.49","11,021.55","120,790.45",
2009,,,,,,,
January ,13500,182,"17,139.95","1,504.71","16,329.45",,
,,91,"9,158.15","2,700.41","3,133.75","127,625.35",
February,22500,182,"22,928.00","13,333.19","22,223.75",,
,,91,"8,416.50","6,449.94","5,932.90","130,813.20",
March,32500,182,"17,887.35","2,305.26","16,266.95",,
,,91,"10,093.40","2,143.30","9,460.45","133,066.55",
April,23500,182,"30,267.10","4,649.59","18,863.65",,
,,91,"3,558.75",526.24,"9,158.15","138,870.60",
May,24000,182,"11,816.84","5,269.41","13,096.44",,
,,91,"3,783.05","1,621.69","8,416.50","132,957.55",
June,32000,182,"27,727.95","12,142.75","16,651.35",,
,,91,"16,181.55","2,315.08","10,093.40","150,122.30",
July,23000,182,"24,272.80","6,324.13","17,139.95",,
,,91,"6,906.85",247.85,"3,558.75","154,148.25",
August,37000,182,"18,894.45","7,132.97","24,955.45",,
,,91,"8,601.75",582.94,"5,168.50",,
,,364,"9,422.95","8,717.35", -   ,"160,943.45",
September,24500,182,"25,670.00","8,186.54","15,859.90",,
,,91,"7,336.45","1,523.85","14,796.10","155,524.35",
October,31000,182,"23,326.00","3,582.98","30,267.10",,
,,91,"8,954.30","3,813.62","6,906.85",,
,,364,"10,032.70","4,853.03", -   ,"166,879.40",
November,25500,182,"21,129.00","7,257.18","17,080.24",,
,,91,"7,187.50","3,813.62","8,601.75","171,069.20",                                     
December,30000,182,"17,884.75","2,513.64","25,264.55",,
,,91,"8,642.55","1,453.55","7,336.45",,                                    
,,364,"9,165.20","3,000.62", -   ,"174,160.70",
2010,20000,182,"16,111.65","11,645.24","12,137.80",,
January,,91,"5,298.85","2,808.35","8,954.30",,
,,364, -   , -   , -   ,"174,479.10",
February,30500,182,"12,887.55","1,585.46","10,894.45",,
,,91,"9,028.65","3,705.78","7,187.50",,
,,364,"8,753.40", -   , -   ,"187,066.75",
March,30000,182,"16,933.80","13,244.60","17,900.45",,
,,91,"16,601.60","16,373.92","8,642.55",,
,,364, -   , -   , -   ,"194,059.15",
April,29000,182,"17,565.50","14,039.01","14,642.00",,
,,91,"9,215.15","7,986.89","5,298.85",,
,,364,"8,003.10","13,161.01", -   ,"208,902.05",
May,21000,182,"16,134.70","9,169.84","19,668.05",,
,,91,"8,985.20","4,228.73","14,608.80",,
,,364, -   , -   , -   ,"199,745.10",
June,10000,182,"5,704.25","19,754.67","12,739.75",,
,,91,"5,463.10","9,161.74","11,021.45",,
,,364,"4,116.30","12,799.09", -   ,"191,267.55",
July,24000,182,"15,416.75",,"23,911.00",,
,,91,"9,829.35",,"9,215.15",,
,,364,,, -   ,,
,,Repo,"7,035.00",, -   ,"190,422.50",
August,27500,182,"10,943.00",,"12,887.55",,
,,91,"7,846.00",,"8,985.20",,
,,364,"2,098.50",,"9,422.95",,
,,Repo,"4,000.00",, -   ,"184,014.30",
September,18500,182,"11,538.95",,"16,858.55",,
,,91,"7,906.45",,"5,463.10",,
,,364, -   ,, -   ,,
,,Repo, -   ,, -   ,"181,138.05",
October,28500,182,"16,496.00",,"17,565.50",,
,,91,"8,836.15",,"9,829.35",,
,,364,"7,337.50",,"10,032.00",,
,,Repo, -   ,, -   ,"176,380.85",
November,30000,182,"5,928.45",,"23,199.10",,
,,91,"9,225.45",,"12,966.50",,
,,364, -   ,, -   ,,
,,Repo,"12,748.00",, -   ,"168,117.15",
December,24000,182,"3,762.05",,"5,704.25",,
,,91,"10,348.95",,"7,906.45",,
,,364,"5,652.50",,"9,165.20",,
,,Repo, -   ,, -   ,"165,104.75",
2011,27000,182,"7,351.05",,"15,207.40",,
January,,91,"14,945.05",,"8,836.15",,
,,364,"4,422.05",, -   ,,
,,Repo,"3,000.00",,"3,435.00","167,344.35",
February,17000,182,"3,094.95",,"9,822.50",,
,,91,"14,226.70",,"9,225.45",,
,,364,"5,446.75",,"8,753.40",,
,,Repo, -   ,,,"162,311.40",
March,18000,182,"1,298.90",,"11,614.20",,
,,91,"13,006.65",,"10,348.00",,
,,364,"5,519.45",, -   ,,
,,Repo,"4,000.00",,"4,000.00","160,174.20",
April,11000,182,"1,824.10",,"16,496.70",,
,,91,"9,822.90",,"13,350.40",,
,,364,566.65,,"8,003.10",,
,,Repo, -   ,, -   ,"134,537.65",
May,21000,182,"2,364.35",,"12,612.05",,
,,91,"23,082.45",,"15,821.35",,
,,364,"3,589.25",, -   ,,
,,Repo, -   ,, -   ,"135,140.30",
June,14500,182,"6,594.75",,"3,762.05",,
,,91,"36,229.45",,"13,007.40",,
,,364,309.5,,"4,116.30",,
,,Repo, -   ,,,"157,388.25",
July,18500,182,"3,947.40",,"5,408.60",,
,,91,"9,700.50",,"9,822.95",,
,,364,"1,336.50",, -   ,,
,,Repo, -   ,,"7,035.00","150,106.10",
August,24000,182,"3,711.75",,"5,037.55",,
,,91,"13,251.70",,"23,082.45",,
,,364,385.85,,"2,098.50",,
,,Repo,"11,035.00",,"4,000.00","144,271.90",
September,32500,182,"5,408.80",,"1,298.90",,
,,91,"31,503.30",,"36,229.45",,
,,364,865.65,, -   ,,
,,Repo, -   ,, -   ,"144,521.30",
October,40000,182,"8,460.80",,"1,824.10",,
,,91,"28,019.55",,"12,699.50",,
,,364,208.55,,"7,337.50",,
,,Repo, -   ,, -   ,"159,349.10",
November,40000,182,"2,892.35",,"2,364.35",,
,,91,"9,760.65",,"10,252.70",,
,,364,141.5,, -   ,,
,,Repo, -   ,,"12,748.00","146,778.55",
December,31000,182,"4,924.40",,"6,594.75",,
,,91,"16,317.65",,"31,503.30",,
,,364,855.35,,"5,652.50",,
,,Repo,"12,748.00",, -   ,"137,873.40",
2012,,182,"13,311.30",,"5,329.30",,
January,,91,"25,062.50",,"28,019.55",,
,,364,"2,908.25",,"4,422.05",,
,,Repo,"2,000.00",,"3,000.00","140,384.55",
February,,182,"15,702.30",,"2,329.85",,
,,91,"20,648.15",,"9,760.65",,
,,364,"11,229.25",,"5,446.75",,
,,Repo, -   ,, -   ,"170,427.00",
March,,182,"13,952.40",,"5,408.80",,
,,91,"10,625.60",,"16,317.65",,
,,364,"7,491.80",,"5,519.45",,
,,Repo,"4,000.00",,"4,000.00","175,250.90",
April,,182,"20,961.00",,"8,460.80",,
,,91,"10,996.50",,"25,062.50",,
,,364,"4,280.80",,566.65,,
,,Repo, -   ,, -   ,"177,399.25",
May,,182,"6,452.95",,"2,892.35",,
,,91,"9,268.95",,"20,648.15",,
,,364,"2,304.05",,"3,589.25",,
,,Repo, -   ,, -   ,"168,295.45",
Jun,,182,"5,289.30",,"4,924.40",,
,,91,"4,057.20",,"10,625.60",,
,,364,47.6,,309.5,,
,,Repo, -   ,,,"161,830.05",
July,,182,"5,528.60",,"13,311.30",,
,,91,"9,742.45",,"10,996.50",,
,,364,207.75,,"1,336.50",,
,,Repo,"7,035.00",,"7,035.00","151,664.55",
August,,182,"19,983.50",,"15,702.30",,
,,91,"21,878.30",,"9,268.95",,
,,364,"7,917.40",,385.85,,
,,Repo,"4,000.00",,"4,000.00","176,086.65",
September,,182,"11,821.25",,"13,952.40",,
,,91,"15,489.25",,"4,057.20",,
,,364,"5,003.30",,865.65,,
,,Repo, -   ,, -   ,"189,525.20",
October ,,182,"14,089.20",,"20,961.00",,
,,91,"9,092.00",,"9,742.45",,
,,364,"1,119.65",,208.55,,
,,Repo, -   ,, -   ,"182,914.05",
November,,182,"31,761.85",,"6,452.95",,
,,91,"25,031.40",,"21,878.30",,
,,364,"2,755.65",,141.5,,
,,Repo, -   ,, -   ,"213,990.20",
December,,182,"9,506.10",,"5,410.90",,
,,91,"14,749.05",,"12,409.20",,
,,364,"6,472.55",,855.35,,
,,Repo,"12,748.00",,"12,748.00","226,042.45",
2013,,182,"3,795.35",,"5,407.00",,
January,,91,"11,830.70",,"7,826.70",,
,,364,"8,187.15",,"2,908.25",,
,,Repo,"1,600.00",,"2,000.00","233,313.70",
February,,182,"3,688.50",,"19,983.50",,
,,91,"6,359.50",,"25,031.40",,
,,364,"6,988.25",,"11,229.25",,
,,Repo, -   ,, -   ,"194,105.80",
March,,182,"9,576.90",,"16,166.60",,
,,91,"15,410.20",,"14,173.30",,
,,364,"34,718.20",,"7,491.80",,
,,Repo,"4,000.00",,"4,000.00","215,979.40",
April,,182,"11,796.65",,"14,089.20",,
,,91,"14,402.00",,"12,406.45",,
,,364,"72,048.15",,"4,280.80",,
,,Repo, -   ,, -   ,"283,449.75",
May,,182,"13,892.95",,"31,761.85",,
,,91,"10,454.65",,"6,359.50",,
,,366,"23,256.70",,"2,304.05",,
,,Repo, -   ,, -   ,"290,628.65",
June,,182,"9,196.75",,"9,285.90",,
,,91,"11,346.70",,"15,410.20",,
,,365,"10,165.85",,48.1,,
,,Repo, -   ,, -   ,"296,593.75",
July,,182,"1,591.45",,"4,015.55",,
,,91,"6,962.75",,"14,402.00",,
,,365,"4,130.35",,207.75,,
,,Repo, -   ,,"7,035.00","283,618.00",
August,,182,"8,408.10",,"3,688.50",,
,,91,"11,936.20",,"10,454.65",,
,,365,"18,457.70",,"7,917.40",,
,,Repo,"10,480.00",,"10,480.00","300,359.45",
September,,182,"16,341.80",,"12,417.70",,
,,91,"22,094.75",,"12,001.80",,
,,365,"20,600.05",,"5,003.30",,
,,Repo, -   ,, -   ,"329,973.25",
October,,182,"5,741.40",,"8,955.85",,
,,91,"8,305.15",,"6,307.65",,
,,365,"6,751.10",,"1,119.65",,
,,Repo, -   ,, -   ,"334,387.75",
November,29000,182,"8,899.70",,"13,892.95",,
,,91,"7,886.30",,"11,936.20",,
,,365,"9,836.95",,"2,755.65",,
,,Repo, -   ,, -   ,"338,906.05",
December,29000,182,"7,002.75",,"9,582.35",,
,,91,"14,110.95",,"22,094.75",,
,,365,"14,219.50",,"6,472.05",,
,,Repo,"12,748.00",,"12,748.00","336,090.10",
2014,,182,"8,629.90",,"1,205.85",,
January,36000,91,"8,758.70",,"8,305.15",,
,,365,"9,307.20",,"8,187.15",,
,,Repo,"1,445.00",,"2,000.00","344,532.75",
February,36000,182,"10,796.20",,"8,408.10",,
,,91,"6,572.65",,"7,886.30",,
,,365,"7,415.45",,"6,988.25",,
,,Repo, -   ,, -   ,"346,034.40",
March,45000,182,"24,944.95",,"16,341.80",,
,,91,"18,572.60",,"14,110.95",,
,,365,"22,289.45",,"50,331.95",,
,,Repo,"4,000.00",,"4,000.00","331,056.70",
April,36000,182,"15,010.80",,"5,741.40",,
,,91,"8,269.55",,"8,758.70",,
,,365,"21,566.80",,"56,434.40",,
,,Repo, -   ,, -   ,"304,969.35",
May,36000,182,"11,548.05",,"8,899.70",,
,,91,"14,343.25",,"6,572.65",,
,,365,"10,954.20",,"23,256.70",,
,,Repo, -   ,, -   ,"303,085.80",
June,57000,182,"18,018.90",,"7,002.75",,
,,91,"32,047.15",,"18,572.60",,
,,365,"10,402.10",,"10,299.30",,
,,Repo, -   ,, -   ,"327,679.30",
July,42000,182,"13,550.85",,"8,629.90",,
,,91,"13,028.90",,"8,269.55",,
,,365,"13,541.40",,"3,996.90",,
,,Repo,,,,"346,904.10",
August,45000,182,"7,044.65",,"10,796.20",,
,,91,"8,250.75",,"14,343.25",,
,,365,"15,284.75",,"18,457.70",,
,,Repo,,,555.15,"333,331.95",
September,60000,182,"3,297.90",,"24,944.95",,
,,91,"12,200.80",,"32,047.15",,
,,365,"32,520.10",,"20,600.05",,
,,Repo, -   ,, -   ,"303,758.60",
October,48000,182,"7,258.65",,"15,010.80",,
,,91,"7,825.90",,"13,028.90",,
,,365,"27,563.45",,"6,751.10",,
,,Repo, -   ,, -   ,"311,615.80",
Novemeber,48000,182,"9,533.35",,"11,548.05",,
,,91,"12,268.65",,"8,250.75",,
,,365,"25,940.30",,"9,836.95",,
,,Repo, -   ,, -   ,"329,722.35",
December,60000,182,"9,254.35",,"18,018.90",,
,,91,"7,081.85",,"12,200.80",,
,,365,"17,502.85",,"14,219.50",,
,,Repo,"12,200.00",,"12,748.00","318,574.20",
2015,,182,"14,421.80",,"13,550.85",,
January,48000,91,"8,734.15",,"7,825.90",,
,,365,"15,417.00",,"9,307.20",,
,,Repo,"1,445.00",,"1,445.00","326,463.20",
February,39000,182,"11,140.45",,"7,044.65",,
,,91,"6,154.95",,"12,268.65",,
,,365,"18,259.40",,"7,415.45",,
,,Repo, -   ,, -   ,"335,289.25",
March,40000,182,"24,101.70",,"3,297.90",,
,,91,"10,870.70",,"7,081.85",,
,,365,"31,853.90",,"22,289.45",,
,,Repo,"4,000.00",,"4,000.00","369,446.35",
April,32000,182,"18,938.05",,"7,258.65",,
,,91,"5,729.80",,"8,734.15",,
,,365,"17,582.00",,"21,566.80",,
,,Repo, -   ,, -   ,"374,136.60",
May,32000,182,"2,702.65",,"9,533.35",,
,,91,"5,199.20",,"6,154.95",,
,,365,"6,050.15",,"10,954.20",,
,,Repo, -   ,, -   ,"361,446.10",
June,40000,182,"3,946.70",,"9,254.35",,
,,91,"7,625.25",,"10,870.70",,
,,365,"3,607.25",,"10,402.10",,
,,Repo,-555,, -   ,"345,543.15",
July,37000,182,"4,888.50",,"14,421.80",,
,,91,"7,075.30",,"5,729.80",,
,,365,"1,665.00",,"13,541.40",,
,,Repo,"7,035.00",,"7,035.00","325,478.95",
August,55000,182,"4,365.90",,"16,309.40",,
,,91,"8,512.50",,"5,922.00",,
,,365,"15,631.15",,"18,709.40",,
,,Repo,"10,480.00",,"10,480.00","313,047.70",
September,46000,182,"6,936.35",,"18,932.75",,
,,91,"17,404.15",,"6,902.45",,
,,365,"10,754.20",,"29,095.45",,
,,Repo, -   ,, -   ,"293,211.75",
October,48000,182,"16,660.00",,"18,938.05",,
,,91,"48,103.00",,"7,075.30",,
,,365,"43,911.80",,"27,563.45",,
,,Repo, -   ,, -   ,"348,309.75",
November,76000,182,"29,709.85",,"3,092.80",,
,,91,"31,985.05",,"8,512.50",,
,,365,"34,359.70",,"28,495.70",,
,,Repo,"12,748.00",,"12,748.00","404,263.35",
December,64000,182,"17,039.30",,"3,556.55",,
,,91,"23,187.05",,"17,404.15",,
,,365,"8,843.55",,"14,947.45",,
,,Repo,"1,658.00",,"2,768.00","416,315.10",
2016,,182,"28,732.60",,"4,888.50",,
January,64000,91,"11,775.05",,"48,103.00",,
,,365,"15,910.55",,"15,417.00",,
,,Repo,"1,445.00",,"1,445.00","404,324.80",
February,80000,182,"45,953.30",,"4,365.90",,
,,91,"30,823.85",,"31,985.05",,
,,365,"37,189.25",,"25,730.35",,
,,Repo, -   ,, -   ,"456,209.90",
March,64000,182,"25,469.55",,"6,936.35",,
,,91,"20,186.05",,"23,187.05",,
,,365,"51,039.30",,"24,382.95",,
,,Repo,"4,000.00",,"4,000.00","498,398.45",
April,64000,182,"27,020.25",,"16,660.00",,
,,91,"25,522.15",,"11,775.05",,
,,365,"28,479.65",,"17,582.00",,
,,Repo, -   ,, -   ,"533,403.45",
May,80000,182,"34,143.55",,"29,709.85",,
,,91,"36,814.90",,"30,823.85",,
,,365,"42,728.85",,"7,142.15",,
,,Repo, -   ,, -   ,"579,414.90",
June,64000,182,"30,521.30",,"17,039.30",,
,,91,"19,446.60",,"20,186.05",,
,,365,"23,950.50",,"2,515.25",,
,,Repo,-555,, -   ,"613,037.70",
July,64000,182,"21,446.90",,"28,732.60",,
,,91,"10,481.60",,"25,522.15",,
,,365,"13,659.30",,"1,665.00",,
,,Repo,"7,035.00",,"7,035.00","602,705.75",
August,80000,182,"42,253.70",,"45,953.30",,
,,91,"29,538.20",,"36,814.90",,
,,365,"29,868.55",,"15,631.15",,
,,Repo,"10,480.00",,"10,480.00","605,966.85",
September,64000,182,"29,600.60",,"25,469.55",,
,,91,"19,862.90",,"19,446.60",,
,,365,"43,437.00",,"10,754.20",,
,,Repo, -   ,, -   ,"643,197.00",
October,80000,182,"45,971.05",,"36,540.35",,
,,91,"20,703.75",,"13,195.95",,
,,365,"33,960.80",,"52,441.15",,
,,Repo, -   ,, -   ,"641,655.15",
November,64000,182,"31,030.65",,"24,623.45",,
,,91,"16,075.85",,"26,823.85",,
,,365,"33,469.45",,"25,830.35",,
,,Repo,"12,748.00",,"12,748.00","644,953.45",
Dercember,64000,182,"30,767.70",,"30,521.30",,
,,91,"14,295.90",,"19,862.90",,
,,365,"14,350.75",,"8,843.55",,
,,Repo,"-1,658.00",,"-1,658.00","645,140.05",
2017,,182,"12,996.65",,"28,180.30",,
January,74000,91,"19,028.85",,"20,703.75",,
,,365,"9,379.95",,"17,576.85",,
,,Repo,"1,445.00",,"2,000.00","619,529.60",
Feb,64000,182,"69,160.40",,"35,520.30",,
,,91,"7,382.50",,"16,075.85",,
,,365,"25,037.15",,"35,522.95",,
,,Repo, -   ,, -   ,"633,990.55",
March,76000,182,"22,446.95",,"29,600.60",,
,,91,"22,256.40",,"14,295.90",,
,,365,"56,403.40",,"51,039.30",,
,,Repo,"4,000.00",,"4,000.00","640,161.50",
April,80000,182, -   ,,"38,283.55",,
,,91,"34,490.45",,"13,371.50",,
,,365,"56,774.80",,"28,479.65",,
,,Repo, -   ,, -   ,"651,292.05",
May,116000,182,"64,868.50",,"38,718.15",,
,,91,"26,842.10",,"13,039.85",,
,,365,"59,953.50",,"42,728.85",,
,,Repo, -   ,, -   ,"708,469.30",
June,96000,182,"64,782.15",,"30,767.70",,
,,91,"30,835.10",,"22,256.40",,
,,365,"41,437.95",,"23,950.50",,
,,Repo,-555,,-555,"768,549.90",
July,120000,182,"37,667.55",,"12,996.65",,
,,91,"11,926.65",,"45,918.00",,
,,365,"25,341.55",,"19,465.15",,
,,Repo,"6,480.00",,"7,035.00","764,550.85",
Aug,96000,182,"40,237.10",,"69,160.40",,
,,91,"10,825.60",,"15,414.55",,
,,365,"38,499.80",,"24,062.70",,
,,Repo,"10,480.00",,"10,480.00","745,475.70",
Sep,96000,182,"47,313.30",,"22,446.95",,
,,91,"13,144.15",,"30,835.10",,
,,365,"39,428.40",,"43,437.00",,
,,Repo, -   ,, -   ,"748,642.50",
October,120000,182,"18,261.75",, -   ,,
,,91,"13,034.70",,"11,926.65",,
,,365,"25,604.45",,"33,960.80",,
,,Repo, -   ,, -   ,"759,655.95",
November,96000,182,"24,529.35",,"64,868.50",,
,,91,"17,073.00",,"10,825.60",,
,,365,"35,769.20",,"33,469.45",,
,,Repo,"12,748.00",,"12,748.00","727,863.95",
December,96000,182,"22,926.65",,"64,782.15",,
,,91,"15,905.40",,"13,144.15",,
,,365,"34,143.55",,"14,350.75",,
,,Repo,0,,0,"708,562.50",
2018,,,,,,,
January,120000,182,"48,738.65",,"37,667.55",,
,,91,"16,697.75",,"13,034.70",,
,,365,41950.7,,9379.95,,
,,Repo,"1,445.00",,"1,445.00",755867.4,
February,96000,182,"44,550.05",,"40,237.10",,
,,91,"17,067.00",,"17,073.00",,
,,365,"57,038.10",,"25,037.15",,
,,Repo,0,,0,791620.3,
March,96000,182,43114.75,,47313.3,,
,,91,14718,,15905.4,,
,,365,66153.95,,56403.4,,
,,Repo,4000,,4000,795984.9,
April,120000,182,45088.45,,18261.75,,
,,91,9710.4,,16697.75,,
,,365,62768.1,,65624.25,,
,,Repo,0,,0,812968.1,
May,96000,182,36554.1,,24529.35,,
,,91,19716.45,,17067,,
,,365,85471.95,,51104.05,,
,,Repo,0,,0,862010.2,
June,96000,Repo,40243.75,,22926.65,,
,,182,17428.35,,14718,,
,,91,61306.95,,41437.95,,
,,365,-555,,-555,901906.65,
July,120000,182,36169.6,,48738.65,,
,,91,13074.6,,9710.4,,
,,365,102143.65,,25341.55,,
,,Repo,6480,,6480,969503.9,
August,96000,182,22590.25,,44550.05,,
,,91,9415.65,,19716.45,,
,,365,47019.55,,38499.8,,
,,Repo,10480,,10480,945763.05,
September,96000,182,36211,,43114.75,,
,,91,27355.3,,17428.35,,
,,365,58007.8,,39428.4,,
,,Repo,0,,0,967365.65,
October,120000,182,19315.15,,45088.45,,
,,91,21857.4,,13074.6,,
,,365,50509.85,,25604.45,,
,,Repo,0,,0,974725.55,
November,96000,182,12643.15,,36554.1,,
,,91,15912.7,,9415.65,,
,,365,51313.25,,35769.2,,
,,Repo,12748,,12748,972855.7,
December,120000,182,14239.75,,46248.15,,
,,91,22309.7,,32490.35,,
,,365,30963.85,,39480.2,,
,,Repo,-1658,,-1658,922150.3,
2019,,182,40264.05,,30165.2,,
January,96000,91,18625.85,,16722.35,,
,,365,69736.05,,36614.05,,
,,Repo,890,,890,967274.65,
February,96000,182,38127.25,,22590.25,,
,,91,15942.9,,15912.7,,
,,365,68469.95,,57038.1,,
,,Repo,0,,0,994273.7,
March,96000,182,22748.15,,36211,,
,,91,9294.25,,21265.55,,
,,365,69699.7,,66153.95,,
,,Repo,4000,,4000,972385.3,
April,120000,182,41800.6,,19315.15,,
,,91,20616.95,,19670,,
,,365,93234.45,,62768.1,,
,,Repo,0,,0,1025174.05,
May,96000,182,11449.55,,12643.15,,
,,91,12624.8,,15942.9,,
,,365,52056.5,,85471.95,,
,,Repo,0,,0,987246.9,
June,96000,182,7580.9,,11543.4,,
,,91,6782.15,,9294.25,,
,,365,56404.65,,61306.95,,
,,Repo,0,,555,975315,
July,120000,182,30154,,42960.4,,
,,91,22497.2,,20616.95,,
,,365,112368.4,,102143.65,,
,,Repo,6480,,6480,974613.6,
August,96000,182,13808.85,,38127.25,,
,,91,19503.8,,12624.8,,
,,365,58799.75,,47019.55,,
,,Repo,10480,,10480,968954.4,
September,120000,182,10129,,28877.9,,
,,91,20879.7,,10988,,
,,365,58205.75,,68328.65,,
,,Repo,0,,0,949974.3,
October,96000,182,5929.1,,35670.85,,
,,91,12873.45,,18291.35,,
,,365,43254.45,,40189,,
,,Repo,0,,0,917880.1,
November,96000,182,12664.45,,11449.55,,
,,91,12683.75,,19503.8,,
,,365,56230.3,,51313.25,,
,,Repo,12748,,12748,917192,
December,120000,182,9089.05,,11228.55,,
,,91,9693.85,,20879.7,,
,,365,27097.8,,30963.85,,
,,Repo,-1658,,-1658,900000.6,
2020,,182,15341.85,,26506.35,,
January,96000,91,11766.65,,12873.45,,
,,365,82526.15,,69736.05,,
,,Repo,1445,,890,901074.4,
February,96000,182,38218.05,,13808.85,,
,,91,11670.85,,12683.75,,
,,365,82933.25,,68469.95,,
,,Repo,0,,0,938934,
March,120000,182,14658.45,,10129,,
,,91,9362.95,,9693.85,,
,,365,74668,,95557.85,,
,,Repo,4000,,2890,923352.7,
April,96000,182,11791.05,,5929.1,,
,,91,12984.45,,11766.65,,
,,365,48434.2,,67376.3,,
,,Repo,0,,0,911490.35,
May,96000,182,16897.6,,12664.45,,
,,91,20777.6,,11670.85,,
,,365,48233.35,,52056.5,,
,,Repo,-555,,0,920452.1,
June,120000,182,23601.65,,9089.05,,
,,91,17680,,9362.95,,
,,365,47902.9,,81868.15,,
,,Repo,-1665,,-1665,909316.5,
July,96000,182,29927.95,,15341.85,,
,,91,69573.4,,12984.45,,
,,365,79243.3,,86904.9,,
,,Repo,7035,,9255,970609.95,
August,120000,182,24606.85,,40989.5,,
,,91,32843.05,,23063.45,,
,,365,39522.25,,67296.45,,
,,Repo,10480,,10480,936232.7,
September,96000,182,13668.2,,11887,,
,,91,16838.7,,15394.15,,
,,365,24939.2,,49709.05,,
,,Repo,0,,0,914688.6,
October,96000,182,20339,,11791.05,,
,,91,24807.75,,69573.4,,
,,365,43418.3,,43254.45,,
,,Repo,0,,0,878634.75,
November,120000,182,29219.9,,18355.5,,
,,91,22818.4,,32843.05,,
,,365,65340,,60604.3,,
,,Repo,12748,,12748,884210.2,
December,96000,182,16505.3,,22143.75,,
,,91,18431.05,,16838.7,,
,,365,18229.4,,22723.8,,
,,Repo,-1658,,-1658,875669.7,
2021,,182,13102.55,,29927.95,,
January,96000,91,8706.7,,24807.75,,
,,365,45198,,82526.15,,
,,Repo,890,,890,805415.1,
February,96000,182,19591.9,,19550.5,,
,,91,6695.5,,19184.9,,
,,365,57920.1,,82933.25,,
,,Repo,-555,,0,767398.95,
March,120000,182,30514.45,,18724.55,,
,,91,24317.7,,22064.55,,
,,365,74523.65,,74668,,
,,Repo,2890,,2890,781297.65,
April,96000,182,9118.45,,20339,,
,,91,13141.95,,8706.7,,
,,365,40485.35,,48434.2,,
,,Repo,0,,0,766563.5,
May,120000,182,21524.35,,29219.9,,
,,91,12143.4,,11590.9,,
,,365,78379.35,,60731.15,,
,,Repo,-1110,,-1110,777068.65,
June,96000,182,31666.9,,16505.3,,
,,91,14895.05,,19422.3,,
,,365,32476.85,,35405.1,,
,,Repo,-1665,,-1665,784774.75,
July,96000,182,41472.5,,13102.55,,
,,91,30500.55,,13141.95,,
,,365,19691.95,,79243.3,,
,,Repo,7035,,7035,770951.95,
August,120000,182,42284.15,,27208.7,,
,,91,31665.95,,12143.4,,
,,365,12557.85,,39522.25,,
,,Repo,10480,,10480,778585.55,
September,96000,182,30079.55,,22897.65,,
,,91,19312.85,,14895.05,,
,,365,17607.2,,24939.2,,
,,Repo,0,,0,782853.25,
October,96000,182,22682.45,,9118.45,,
,,91,15790.75,,30500.55,,
,,365,15765.45,,43418.3,,
,,Repo,0,,0,754054.6,
November,120000,182,29635.15,,21524.35,,
,,91,22744.25,,31665.95,,
,,365,51264.65,,65340,,
,,Repo,12748,,12748,739168.35,
December,96000,182,17623.85,,31666.9,,
,,91,17164.1,,19312.85,,
,,365,23802.4,,18229.4,,
,,Repo,-2213,,-1658,727994.55,
2022,,182,41237.65,,48135.4,,
January,120000,91,13956.55,,18467.5,,
,,365,66299.3,,59745.35,,
,,Repo,335,,335,723139.8,
February,96000,182,29651.05,,35621.25,,
,,91,9598.85,,20067.5,,
,,365,50788.15,,59165.9,,
,,Repo,0,,0,698323.2,
March,96000,182,31372.65,,30079.55,,
,,91,19460.85,,17164.1,,
,,365,32112.75,,58730.5,,
,,Repo,0,,0,675295.3,
April,96000,182,19416.8,,22682.45,,
,,91,17075.2,,12428.4,,
,,365,23253.2,,40485.35,,
,,Repo,0,,0,659444.3,
May,120000,182,32822.15,,29635.15,,
,,91,24075.25,,11127,,
,,365,52845.8,,78379.35,,
,,Repo,0,,0,650046,
June,96000,182,19443.3,,17623.85,,
,,91,18144.65,,19460.85,,
,,365,29526.3,,32476.85,,
,,Repo,0,,555,647043.7,
July,96000,182,30878.7,,35979.2,,
,,91,42313.5,,17075.2,,
,,365,17754.75,,19691.95,,
,,Repo,0,,0,665244.3,
August,120000,182,17522.35,,34909.5,,
,,91,54764.95,,24075.25,,
,,365,12271.55,,12557.85,,
,,Repo,0,,0,678260.55,
September,96000,182,31665.75,,31372.65,,
,,91,37124.55,,18144.65,,
,,365,10642.7,,17607.2,,
,,Repo,0,,0,690569.05,
October,120000,182,30860.8,,28457.45,,
,,91,49964.4,,56666.35,,
,,365,15229.65,,22043.8,,
,,Repo,0,,0,679456.3,
November,96000,182,36742.1,,23781.5,,
,,91,59825.7,,40412.1,,
,,365,39123.5,,44986.3,,
,,Repo,0,,0,705967.7,
December,96000,182,15772.6,,19443.3,,
,,91,46488.15,,37124.55,,
,,365,10196.05,,32057.35,,
,,Repo,-555,,0,689244.3,
2023,,182,39008.5,,32813.4,,
January,100000,91,68818.3,,49964.4,,
,,365,20410.65,,58044.35,,
,,Repo,0,,0,676659.6,
February,96000,182,39590.25,,15587.65,,
,,91,75733.55,,59825.7,,
,,365,27360.55,,50788.15,,
,,Repo,0,,0,693142.45,
March,96000,182,36277.9,,31665.75,,
,,91,45144,,46488.15,,
,,365,19294.45,,32112.75,,
,,Repo,0,,0,683592.15,
April,96000,182,8685.45,,28718.4,,
,,91,83761.05,,52311.95,,
,,365,11857.9,,23253.2,,
,,Repo,0,,0,683613,
May,120000,182,24459.9,,38884.5,,
,,91,100100.45,,92239.9,,
,,365,17290.4,,52845.8,,
,,Repo,0,,0,641493.55,
June,96000,182,6367.8,,15772.6,,
,,91,65385.05,,45144,,
,,365,9657.7,,29526.3,,
,,Repo,-555,,0,631906.2,
July,120000,182,14391.85,,39008.5,,
,,91,96745.65,,90542.95,,
,,365,9176,,20355.45,,
,,Repo,0,,0,602312.8,
August,96000,182,16770.35,,39590.25,,
,,91,102312.3,,93318.55,,
,,365,6064.05,,9670.85,,
,,Repo,0,,0,584879.85,
September,96000,182,4491.15,,36277.9,,
,,91,91925.5,,65385.05,,
,,365,6402.1,,10642.7,,
,,Repo,0,,0,575392.95,
October,120000,182,14436,,9592.1,,
,,91,95017.8,,96745.65,,
,,365,11128.05,,15229.65,,
,,Repo,0,,0,574407.4,
November,96000,182,33329.9,,23553.25,,
,,91,117439.05,,102312.3,,
,,365,12612.9,,39123.5,,
,,Repo,0,,0,572800.2,
December,96000,182,6367.8,,14037.9,,
,,91,91925.5,,80047.5,,
,,365,10196.05,,5687.4,,
,,Repo,0,,0,586702.25,
2024,,,,,,,
January,"120,000",182,14391.85,,26507.15,,
,,91,95017.8,,108874.1,,
,,365,20410.65,,13169.45,,
,,Repo,0,,-555,568526.85,
Februay,96000,182,16770.35,,29844.05,,
,,91,117439.05,,86166.15,,
,,365,27360.55,,28995,,
,,Repo,0,,0,585091.6,
March,96000,182,4491.15,,19914.25,,
,,91,80047.5,,57518.8,,
,,365,19294.45,,34336.6,,
,,Repo,0,,0,577155.05,
